URL Structures,,,,,,,
,,,,,,,
Page Name,Level,Page Type,Unit,New or Existing?,Current URL Structure,Recommended URL Structure,Redirect Type
Cell Therapy Bioprocessing Solutions,L4,Application,Group,Existing,https://www.thermofisher.com/us/en/home/life-science/bioproduction/cell-therapy.html,https://www.thermofisher.com/us/en/home/bioprocessing/applications/cell-therapy.html,301
Gene Therapy Bioprocessing Solutions,L4,Application,Group,Existing,https://www.thermofisher.com/us/en/home/life-science/bioproduction/gibco-bioprocessing/gene-therapy.html,https://www.thermofisher.com/us/en/home/bioprocessing/applications/gene-therapy.html,301
Cell Culture Products,L4,Product,CCCT,Existing,https://www.thermofisher.com/us/en/home/life-science/bioproduction/gibco-bioprocessing.html,https://www.thermofisher.com/us/en/home/bioprocessing/products/cell-culture.html,301
Cell Therapy Products and Systems,L4,Product,CCCT,Existing,https://www.thermofisher.com/us/en/home/life-science/bioproduction/gibco-bioprocessing/cell-therapy.html,https://www.thermofisher.com/us/en/home/bioprocessing/products/cell-therapy.html,301
Cell Culture Media,L5,Product,CCCT,Existing,https://www.thermofisher.com/us/en/home/life-science/bioproduction/gibco-bioprocessing/media-formats.html,https://www.thermofisher.com/us/en/home/bioprocessing/products/cell-culture/media.html,301
Advanced Granulation Technology (AGT),L6,Product,CCCT,Existing,https://www.thermofisher.com/us/en/home/life-science/bioproduction/gibco-bioprocessing/media-formats/agt.html,https://www.thermofisher.com/us/en/home/bioprocessing/products/cell-culture/media/advanced-granulation-technology.html,301
Diploid Growth and Production Media for Vaccine Production,L6,Product,CCCT,Existing,https://www.thermofisher.com/us/en/home/life-science/bioproduction/gibco-bioprocessing/virus-expression/vaccine-production-diploid-growth-media.html,https://www.thermofisher.com/us/en/home/bioprocessing/products/cell-culture/media/diploid-media.html,301
Virus Production Media & Reagents,L6,Product,CCCT,Existing,https://www.thermofisher.com/us/en/home/life-science/bioproduction/gibco-bioprocessing/virus-expression/virus-production-media-reagents.html,https://www.thermofisher.com/us/en/home/bioprocessing/products/cell-culture/media/virus-media-reagents.html,301
Gibco CHO Media,L6,Product,CCCT,Existing,https://www.thermofisher.com/us/en/home/life-science/bioproduction/gibco-bioprocessing/cho-media.html,https://www.thermofisher.com/us/en/home/bioprocessing/products/cell-culture/media/cho-media.html,301
Gibco Dynamis Medium,L6,Product,CCCT,Existing,https://www.thermofisher.com/us/en/home/life-science/bioproduction/gibco-bioprocessing/cho-media/gibco-dynamis-medium.html,https://www.thermofisher.com/us/en/home/bioprocessing/products/cell-culture/media/gibco-dynamis-medium.html,301
Gibco Efficient-Pro Medium and Feeds System,L6,Product,CCCT,Existing,https://www.thermofisher.com/us/en/home/life-science/bioproduction/gibco-bioprocessing/cho-media/gibco-efficient-pro.html,https://www.thermofisher.com/us/en/home/bioprocessing/products/cell-culture/media/gibco-efficient-pro.html,301
Gibco High-Intensity Perfusion CHO Medium,L6,Product,CCCT,Existing,https://www.thermofisher.com/us/en/home/life-science/bioproduction/gibco-bioprocessing/cho-media/gibco-perfusion-medium.html,https://www.thermofisher.com/us/en/home/bioprocessing/products/cell-culture/media/gibco-cho-high-intensity.html,301
FunctionMAX™ TiterEnhancer,L6,Product,CCCT,Existing,https://www.thermofisher.com/us/en/home/life-science/bioproduction/gibco-bioprocessing/functional-additives/functionmax-titerenhancer.html,https://www.thermofisher.com/us/en/home/bioprocessing/products/cell-culture/feeds-supplements/functionmax-titer-enhancer.html,301
Gibco Feeds and Supplements for BioProcessing,L5,Product,CCCT,Existing,https://www.thermofisher.com/us/en/home/life-science/bioproduction/gibco-bioprocessing/feeds-supplements.html,https://www.thermofisher.com/us/en/home/bioprocessing/products/cell-culture/feeds-supplements.html,301
Gibco Functional Additives and Reagents,L5,Product,CCCT,Existing,https://www.thermofisher.com/us/en/home/life-science/bioproduction/gibco-bioprocessing/functional-additives.html,https://www.thermofisher.com/us/en/home/bioprocessing/products/cell-culture/functional-additives-reagents.html,301
Stable Cell Line Development Kits,L5,Product,CCCT,Existing,https://www.thermofisher.com/us/en/home/life-science/bioproduction/gibco-bioprocessing/cell-line-development.html,https://www.thermofisher.com/us/en/home/bioprocessing/products/cell-culture/cell-line-development.html,301
Gibco EfficientFeed+ Supplements,L6,Product,CCCT,Existing,https://www.thermofisher.com/us/en/home/life-science/bioproduction/gibco-bioprocessing/feeds-supplements/gibco-efficientfeed-supplements.html,https://www.thermofisher.com/us/en/home/bioprocessing/products/cell-culture/feeds-supplements/gibco-efficientfeed.html,301
Gibco GlycanTune Total Feeds,L6,Product,CCCT,Existing,https://www.thermofisher.com/us/en/home/life-science/bioproduction/gibco-bioprocessing/feeds-supplements/gibco-glycantune-total-feeds.html,https://www.thermofisher.com/us/en/home/bioprocessing/products/cell-culture/feeds-supplements/gibco-glycantune.html,301
FoamAway™ Irradiated AOF,L6,Product,CCCT,Existing,https://www.thermofisher.com/us/en/home/life-science/bioproduction/gibco-bioprocessing/functional-additives/foamaway-irradiated-aof.html,https://www.thermofisher.com/us/en/home/bioprocessing/products/cell-culture/functional-additives-reagents/foamaway-irradiated-aof.html,301
Recombinant Human Insulin,L6,Product,CCCT,Existing,https://www.thermofisher.com/us/en/home/life-science/bioproduction/gibco-bioprocessing/functional-additives/recombinant-human-insulin-reagent.html,https://www.thermofisher.com/us/en/home/bioprocessing/products/cell-culture/functional-additives-reagents/recombinant-human-insulin.html,301
Gibco CHOvantage Cell Line Development Kit,L6,Product,CCCT,New,,https://www.thermofisher.com/us/en/home/bioprocessing/products/cell-culture/cell-line-development/gibco-chovantage-kit.html,
Gibco Freedom Cell Line Development Kits,L6,Product,CCCT,Existing,https://www.thermofisher.com/us/en/home/life-science/bioproduction/gibco-bioprocessing/cell-line-development/gibco-freedom.html,https://www.thermofisher.com/us/en/home/bioprocessing/products/cell-culture/cell-line-development/gibco-freedom-kit.html,301
Cell Therapy Bags,L5,Product,CCCT,New,,https://www.thermofisher.com/us/en/home/bioprocessing/products/cell-therapy/bags.html,
Dynabeads,L5,Product,CCCT,New,,https://www.thermofisher.com/us/en/home/bioprocessing/products/cell-therapy/dynabeads.html,
Gibco Cell Therapy Bioprocessing Media,L5,Product,CCCT,Existing,https://www.thermofisher.com/us/en/home/life-science/bioproduction/gibco-bioprocessing/cell-therapy/media.html,https://www.thermofisher.com/us/en/home/bioprocessing/products/cell-therapy/media.html,301
Gibco Cell Therapy Bioprocessing Reagents,L5,Product,CCCT,Existing,https://www.thermofisher.com/us/en/home/life-science/bioproduction/gibco-bioprocessing/cell-therapy/reagents.html,https://www.thermofisher.com/us/en/home/bioprocessing/products/cell-therapy/reagents.html,301
Gibco CTS DynaCellect Magnetic Separation System,L5,Product,CCCT,Existing,https://www.thermofisher.com/us/en/home/life-science/bioproduction/gibco-bioprocessing/magnetic-separation-system.html,https://www.thermofisher.com/us/en/home/bioprocessing/products/cell-therapy/gibco-cts-dynacellect.html,301
Gibco Media by Design Services,L4,Services,CCCT,Existing,https://www.thermofisher.com/us/en/home/life-science/bioproduction/gibco-bioprocessing/gibco-bioproduction-services.html,https://www.thermofisher.com/us/en/home/bioprocessing/services/gibco-design.html,301
Media Development,L5,Services,CCCT,Existing,https://www.thermofisher.com/us/en/home/life-science/bioproduction/gibco-bioprocessing/gibco-bioproduction-services/media-development.html,https://www.thermofisher.com/us/en/home/bioprocessing/services/gibco-design/media-development.html,301
Cell Culture Media Optimization,L5,Services,CCCT,New,,https://www.thermofisher.com/us/en/home/bioprocessing/services/gibco-design/media-optimization.html,
Gibco Bioprocessing Analytical Services,L6,Services,CCCT,Existing,https://www.thermofisher.com/us/en/home/life-science/bioproduction/gibco-bioprocessing/gibco-bioproduction-services/analytical-services.html,https://www.thermofisher.com/us/en/home/bioprocessing/services/gibco-design/media-optimization/analytics.html,301
Media and Feed Screenings,L5,Services,CCCT,Existing,https://www.thermofisher.com/us/en/home/life-science/bioproduction/gibco-bioprocessing/gibco-bioproduction-services/media-test-panel-consultation.html,https://www.thermofisher.com/us/en/home/bioprocessing/services/gibco-design/media-feed-screenings.html,301
High-Throughput Screening,L6,Services,CCCT,New,,https://www.thermofisher.com/us/en/home/bioprocessing/services/gibco-design/media-feed-screenings/high-throughput-screening.html,
Cell Panel Screening Services,L6,Services,CCCT,New,,https://www.thermofisher.com/us/en/home/bioprocessing/services/gibco-design/media-feed-screenings/cell-panel-screening.html,
Media Manufacturing Services,L4,Services,CCCT,Existing,https://www.thermofisher.com/us/en/home/life-science/bioproduction/gibco-bioprocessing/media-manufacturing-services.html,https://www.thermofisher.com/us/en/home/bioprocessing/services/media-manufacturing.html,301
cGMP Media Manufacturing Services,L5,Services,CCCT,Existing,https://www.thermofisher.com/us/en/home/life-science/bioproduction/gibco-bioprocessing/media-manufacturing-services/cgmp-media-manufacturing.html,https://www.thermofisher.com/us/en/home/bioprocessing/services/media-manufacturing/cgmp-media.html,301
Custom Media QC Tests,L5,Services,CCCT,Existing,https://www.thermofisher.com/us/en/home/life-science/bioproduction/gibco-bioprocessing/media-manufacturing-services/media-qc-tests.html,https://www.thermofisher.com/us/en/home/bioprocessing/services/media-manufacturing/custom-qc-tests.html,301
Gibco Rapid Prototyping Services,L5,Services,CCCT,Existing,https://www.thermofisher.com/us/en/home/life-science/bioproduction/gibco-bioprocessing/media-manufacturing-services/rapid-prototyping-services.html,https://www.thermofisher.com/us/en/home/bioprocessing/services/media-manufacturing/gibco-rapid-prototyping.html,301
Media Customization Services,L5,Services,CCCT,Existing,https://www.thermofisher.com/us/en/home/life-science/bioproduction/gibco-bioprocessing/media-manufacturing-services/media-customization-services.html,https://www.thermofisher.com/us/en/home/bioprocessing/services/media-manufacturing/custom-cell-culture-media.html,301
Our Facilities Tours,L4,Why Choose Us?,CCCT,Existing,https://www.thermofisher.com/us/en/home/life-science/bioproduction/gibco-bioprocessing/facility-tours.html,https://www.thermofisher.com/us/en/home/bioprocessing/about/facility-tours.html,301
"Gibco Tour - Baltimore, MD",L5,Why Choose Us?,CCCT,Existing,https://www.thermofisher.com/us/en/home/life-science/bioproduction/gibco-bioprocessing/facility-tours/gibco-tour-baltimore.html,https://www.thermofisher.com/us/en/home/bioprocessing/about/facility-tours/baltimore.html,301
"Gibco Tour - Grand Island, NY",L5,Why Choose Us?,CCCT,Existing,https://www.thermofisher.com/us/en/home/life-science/bioproduction/gibco-bioprocessing/facility-tours/gibco-tour-grand-island.html,https://www.thermofisher.com/us/en/home/bioprocessing/about/facility-tours/grand-island.html,301
"Gibco Tour - Miami, FL",L5,Why Choose Us?,CCCT,Existing,https://www.thermofisher.com/us/en/home/life-science/bioproduction/gibco-bioprocessing/facility-tours/gibco-tour-miami.html,https://www.thermofisher.com/us/en/home/bioprocessing/about/facility-tours/miami.html,301
"Gibco Tour - Paisley, Scotland",L5,Why Choose Us?,CCCT,Existing,https://www.thermofisher.com/us/en/home/life-science/bioproduction/gibco-bioprocessing/facility-tours/gibco-tour-paisley.html,https://www.thermofisher.com/us/en/home/bioprocessing/about/facility-tours/paisley.html,301
Bioprocessing,L2,Other,Group,Existing,https://www.thermofisher.com/us/en/home/life-science/bioproduction.html,https://www.thermofisher.com/us/en/home/bioprocessing.html,301
Bioprocessing Applications,L3,Application,Group,New,,https://www.thermofisher.com/us/en/home/bioprocessing/applications.html,
Bioprocessing Products,L3,Product,Group,New,,https://www.thermofisher.com/us/en/home/bioprocessing/products.html,
Bioprocessing Services,L3,Services,Group,New,,https://www.thermofisher.com/us/en/home/bioprocessing/services.html,
Resources,L3,Resources,Group,Existing,https://www.thermofisher.com/us/en/home/life-science/bioproduction/bioproduction-learning-center.html,https://www.thermofisher.com/us/en/home/bioprocessing/resources.html,301
Why Choose Us?,L3,Why Choose Us?,Group,New,,https://www.thermofisher.com/us/en/home/bioprocessing/about.html,
Antibody and Cell Culture Bioprocessing,L4,Resources,Group,Existing,https://www.thermofisher.com/us/en/home/life-science/bioproduction/bioproduction-learning-center/antibody-cell-culture-information.html,https://www.thermofisher.com/us/en/home/bioprocessing/resources/antibody-cell-culture.html,301
Bioprocessing Events,L4,Resources,Group,Existing,https://www.thermofisher.com/us/en/home/life-science/bioproduction/events.html,https://www.thermofisher.com/us/en/home/bioprocessing/resources/events.html,301
Bioprocessing Tools and Configurators,L4,Resources,Group,New,,https://www.thermofisher.com/us/en/home/bioprocessing/resources/tools-configurators.html,
Bioprocessing Downstream Calculator,L5,Resources,PUR,Existing,https://www.thermofisher.com/us/en/home/life-science/bioproduction/downstream-bioprocessing/calculator.html,https://www.thermofisher.com/us/en/home/bioprocessing/resources/tools-configurators/downstream-bioprocessing-calculator.html,301
Bioproduction Resource Library,L4,Resources,Group,Existing,https://www.thermofisher.com/us/en/home/life-science/bioproduction/bioproduction-learning-center/bioproduction-resource-library.html,https://www.thermofisher.com/us/en/home/bioprocessing/resources/bioproduction-resource-library.html,301
Cell Culture Learning Center,L4,Resources,Group,New,,https://www.thermofisher.com/us/en/home/bioprocessing/resources/cell-culture.html,
{Cell Culture Resource Article},L5,Resources,Group,New,,https://www.thermofisher.com/us/en/home/bioprocessing/resources/{resource}-{article}-{title}.html,
Cell Culture Thought Leadership,L5,Resources,Group,New,,https://www.thermofisher.com/us/en/home/bioprocessing/resources/cell-culture/thought-leadership.html,
Cell Therapy Learning Center,L4,Resources,Group,New,,https://www.thermofisher.com/us/en/home/bioprocessing/resources/cell-therapy.html,
Cell Therapy Thought Leadership,L5,Resources,Group,New,,https://www.thermofisher.com/us/en/home/bioprocessing/resources/cell-therapy/thought-leadership.html,
Gene Therapy Thought Leadership,L5,Resources,Group,New,,https://www.thermofisher.com/us/en/home/bioprocessing/resources/gene-therapy/thought-leadership.html ,
Cellular and Stem Cell Bioprocessing,L4,Resources,Group,Existing,https://www.thermofisher.com/us/en/home/life-science/bioproduction/bioproduction-learning-center/cellular-stem-cell-information.html,https://www.thermofisher.com/us/en/home/bioprocessing/resources/cellular-stem-cell.html,301
Gene Therapy Learning Center,L4,Resources,Group,New,,https://www.thermofisher.com/us/en/home/bioprocessing/resources/gene-therapy.html,
mABs Learning Center,L4,Resources,Group,New,,https://www.thermofisher.com/us/en/home/bioprocessing/resources/monoclonal-antibodies.html,
Media Manufacturing Content Library,L4,Resources,Group,Existing,https://www.thermofisher.com/us/en/home/life-science/bioproduction/bioproduction-learning-center/media-manufacturing.html,https://www.thermofisher.com/us/en/home/bioprocessing/resources/media-manufacturing.html,301
Manufacturing Cell Therapy Challenges,L5,Resources,Group,New,,https://www.thermofisher.com/us/en/home/bioprocessing/resources/manufacturing-cell-therapy-challenges.html ,
mRNA Learning Center,L4,Resources,Group,New,,https://www.thermofisher.com/us/en/home/bioprocessing/resources/mrna.html,
Viral Vaccine Bioprocessing Information,L4,Resources,Group,Existing,https://www.thermofisher.com/us/en/home/life-science/bioproduction/bioproduction-learning-center/vaccine-information.html,https://www.thermofisher.com/us/en/home/bioprocessing/resources/viral-vaccine.html,301
Assurance of Supply,L4,Why Choose Us?,Group,Existing,https://www.thermofisher.com/us/en/home/life-science/bioproduction/assurance-supply.html,https://www.thermofisher.com/us/en/home/bioprocessing/about/assurance-supply.html,301
Bioprocessing Design Center,L4,Why Choose Us?,Group,New,,https://www.thermofisher.com/us/en/home/bioprocessing/about/bioprocessing-design-center.html,
{Individual BDC Page},L5,Why Choose Us?,Group,New,,https://www.thermofisher.com/us/en/home/bioprocessing/about/bioprocessing-design-center/{page}-{title}.html,
Global Supply Network,L4,Why Choose Us?,Group,New,,https://www.thermofisher.com/us/en/home/bioprocessing/about/global-supply-network.html,
Manufacturing Site Equivalency,L5,Why Choose Us?,Group,Existing,https://www.thermofisher.com/us/en/home/life-science/bioproduction/gibco-bioprocessing/facility-tours/manufacturing-site-equivalency.html,https://www.thermofisher.com/us/en/home/bioprocessing/about/global-supply-network/manufacturing-site-equivalency.html,301
Risk Mitigation and Compliance,L4,Why Choose Us?,Group,Existing,https://www.thermofisher.com/us/en/home/life-science/bioproduction/regulatory-support.html,https://www.thermofisher.com/us/en/home/bioprocessing/about/risk-mitigation-compliance.html,301
Chromatography and Purification Products,L4,Product,PUR,Existing,https://www.thermofisher.com/us/en/home/life-science/bioproduction/poros-chromatography-resin.html,https://www.thermofisher.com/us/en/home/bioprocessing/products/chromatography-purification.html,301
Bioprocess Resins,L5,Product,PUR,Existing,https://www.thermofisher.com/us/en/home/life-science/bioproduction/poros-chromatography-resin/bioprocess-resins.html,https://www.thermofisher.com/us/en/home/bioprocessing/products/chromatography-purification/bioprocess-resins.html,301
CaptureSelect and POROS Chromatography,L5,Product,PUR,Existing,https://www.thermofisher.com/us/en/home/life-science/bioproduction/poros-chromatography-resin/captureselect-poros-chromatography-products-services.html,https://www.thermofisher.com/us/en/home/bioprocessing/products/chromatography-purification/captureselect-poros.html,301
Chromatography Columns,L5,Product,PUR,New,,https://www.thermofisher.com/us/en/home/bioprocessing/products/chromatography-purification/chromatography-columns.html,
Chromatography Membranes,L5,Product,PUR,New,,https://www.thermofisher.com/us/en/home/bioprocessing/products/chromatography-purification/membrane-chromatography.html,
Chromatography Techniques & Formats,L5,Product,PUR,New,,https://www.thermofisher.com/us/en/home/bioprocessing/products/chromatography-purification/chromatography-techniques.html,
Microplates,L5,Product,PUR,New,,https://www.thermofisher.com/us/en/home/bioprocessing/products/chromatography-purification/microplates.html,
Affinity Chromatography Resins,L6,Product,PUR,Existing,https://www.thermofisher.com/us/en/home/life-science/bioproduction/poros-chromatography-resin/bioprocess-resins/antibody-derived-therapeutics.html,https://www.thermofisher.com/us/en/home/bioprocessing/products/chromatography-purification/bioprocess-resins/affinity-resins.html,301
Anion Exchange Resins,L6,Product,PUR,Existing,https://www.thermofisher.com/us/en/home/life-science/bioproduction/poros-chromatography-resin/bioprocess-resins/ion-exchange-resins/anion-exchange-resins.html,https://www.thermofisher.com/us/en/home/bioprocessing/products/chromatography-purification/bioprocess-resins/anion-exchange-resins.html,301
Cation Exchange Resins,L6,Product,PUR,Existing,https://www.thermofisher.com/us/en/home/life-science/bioproduction/poros-chromatography-resin/bioprocess-resins/ion-exchange-resins/cation-exchange-resins.html,https://www.thermofisher.com/us/en/home/bioprocessing/products/chromatography-purification/bioprocess-resins/cation-exchange-resins.html,301
Exosome Purification,L6,Product,PUR,New,,https://www.thermofisher.com/us/en/home/bioprocessing/products/chromatography-purification/bioprocess-resins/exosome-purification.html,
Ion Exchange Chromatography Resins,L6,Product,PUR,Existing,https://www.thermofisher.com/us/en/home/life-science/bioproduction/poros-chromatography-resin/bioprocess-resins/ion-exchange-resins.html,https://www.thermofisher.com/us/en/home/bioprocessing/products/chromatography-purification/bioprocess-resins/ion-exchange-resins.html,301
Mixed-Mode Chromatography Resins,L6,Product,PUR,New,,https://www.thermofisher.com/us/en/home/bioprocessing/products/chromatography-purification/bioprocess-resins/mixed-mode-resins.html,
Protein A Chromatography Resins,L6,Product,PUR,Existing,https://www.thermofisher.com/us/en/home/life-science/bioproduction/poros-chromatography-resin/bioprocess-resins/protein-a-chromatography-resins.html,https://www.thermofisher.com/us/en/home/bioprocessing/products/chromatography-purification/bioprocess-resins/protein-a-resins.html,301
Plasma Fractionation,L6,Product,PUR,Existing,https://www.thermofisher.com/us/en/home/life-science/bioproduction/poros-chromatography-resin/bioprocess-resins/plasma-purification.html,https://www.thermofisher.com/us/en/home/bioprocessing/products/chromatography-purification/bioprocess-resins/plasma-fractionation.html,301
Affinity Tag Purification,L6,Product,PUR,Existing,https://www.thermofisher.com/us/en/home/life-science/bioproduction/poros-chromatography-resin/research-scale-purification/affinity-tag-purification.html,https://www.thermofisher.com/us/en/home/bioprocessing/products/chromatography-purification/chromatography-techniques/affinity-tag-purification.html,301
Continuous Chromatography,L6,Product,PUR,New,,https://www.thermofisher.com/us/en/home/bioprocessing/products/chromatography-purification/chromatography-techniques/continuous-chromatography.html,
Hydrophobic Interaction Chromatography,L6,Product,PUR,Existing,https://www.thermofisher.com/us/en/home/life-science/bioproduction/poros-chromatography-resin/bioprocess-resins/hydrophobic-interaction-chromatography.html,https://www.thermofisher.com/us/en/home/bioprocessing/products/chromatography-purification/chromatography-techniques/hydrophobic-interaction-chromatography.html,301
Mixed-Mode Chromatography,L6,Product,PUR,Existing,https://www.thermofisher.com/us/en/home/life-science/bioproduction/poros-chromatography-resin/bioprocess-resins/mixed-mode-chromatography.html,https://www.thermofisher.com/us/en/home/bioprocessing/products/chromatography-purification/chromatography-techniques/mixed-mode-chromatography.html,301
Multi-Column Chromatography,L6,Product,PUR,New,,https://www.thermofisher.com/us/en/home/bioprocessing/products/chromatography-purification/chromatography-techniques/multi-column-chromatography.html,
96-Well Screening Plates,L5,Product,PUR,Existing,https://www.thermofisher.com/us/en/home/life-science/bioproduction/poros-chromatography-resin/96-well-screening-plates.html,https://www.thermofisher.com/us/en/home/bioprocessing/products/chromatography-purification/96-well-screening-plates.html,301
Custom Chromatography Services,L4,Services,PUR,Existing,https://www.thermofisher.com/us/en/home/life-science/bioproduction/poros-chromatography-resin/custom-chromatography-services.html,https://www.thermofisher.com/us/en/home/bioprocessing/services/custom-chromatography.html,301
Custom Affinity Ligand and Resin Development,L5,Services,PUR,Existing,https://www.thermofisher.com/us/en/home/life-science/bioproduction/poros-chromatography-resin/custom-chromatography-services/custom-ligand-development.html,https://www.thermofisher.com/us/en/home/bioprocessing/services/custom-chromatography/ligand-resin-development.html,301
Custom POROS Resins,L5,Services,PUR,Existing,https://www.thermofisher.com/us/en/home/life-science/bioproduction/poros-chromatography-resin/custom-chromatography-services/custom-poros-resins.html,https://www.thermofisher.com/us/en/home/bioprocessing/services/custom-chromatography/poros-resins.html,301
Bioprocess Resin Selection Tool,L5,Resources,PUR,Existing,https://www.thermofisher.com/us/en/home/life-science/bioproduction/poros-chromatography-resin/bioprocess-resins/selection-guide.html,https://www.thermofisher.com/us/en/home/bioprocessing/resources/tools-configurators/bioprocess-resin-selection-guide.html,301
Chromatography Learning Center,L4,Resources,PUR,Existing,https://www.thermofisher.com/us/en/home/life-science/bioproduction/poros-chromatography-resin/chromatography-learning-lab.html,https://www.thermofisher.com/us/en/home/bioprocessing/resources/chromatography.html,301
Resources for Antibody Therapeutic Purification,L5,Resources,PUR,Existing,https://www.thermofisher.com/us/en/home/life-science/bioproduction/poros-chromatography-resin/chromatography-learning-lab/antibody-therapeutics.html,https://www.thermofisher.com/us/en/home/bioprocessing/resources/chromatography-learning-lab/antibody-therapeutics.html,301
Resources for Antibody Therapeutic Purification,L5,Resources,PUR,Existing,https://www.thermofisher.com/us/en/home/life-science/bioproduction/poros-chromatography-resin/chromatography-learning-lab/antibody-therapeutics/resources.html,https://www.thermofisher.com/us/en/home/bioprocessing/resources/chromatography-learning-lab/antibody-therapeutics-resources.html,301
Resources for Nucleic Acid Therapeutic Purification,L5,Resources,PUR,Existing,https://www.thermofisher.com/us/en/home/life-science/bioproduction/poros-chromatography-resin/chromatography-learning-lab/nucleic-acids.html,https://www.thermofisher.com/us/en/home/bioprocessing/resources/chromatography-learning-lab/nucleic-acids.html,301
Resources for Nucleic Acid Therapeutic Purification,L5,Resources,PUR,Existing,https://www.thermofisher.com/us/en/home/life-science/bioproduction/poros-chromatography-resin/chromatography-learning-lab/nucleic-acids/resources.html,https://www.thermofisher.com/us/en/home/bioprocessing/resources/chromatography-learning-lab/nucleic-acids-resources.html,301
Resources for Protein Therapeutics Purification,L5,Resources,PUR,Existing,https://www.thermofisher.com/us/en/home/life-science/bioproduction/poros-chromatography-resin/chromatography-learning-lab/protein-therapeutics.html,https://www.thermofisher.com/us/en/home/bioprocessing/resources/chromatography-learning-lab/protein-therapeutics.html,301
Resources for Protein Therapeutics Purification,L5,Resources,PUR,Existing,https://www.thermofisher.com/us/en/home/life-science/bioproduction/poros-chromatography-resin/chromatography-learning-lab/protein-therapeutics/resources.html,https://www.thermofisher.com/us/en/home/bioprocessing/resources/chromatography-learning-lab/protein-therapeutics-resources.html,301
Resources on Resin Technology,L5,Resources,PUR,Existing,https://www.thermofisher.com/us/en/home/life-science/bioproduction/poros-chromatography-resin/chromatography-learning-lab/resin-technology.html,https://www.thermofisher.com/us/en/home/bioprocessing/resources/chromatography-learning-lab/resin-technology.html,301
Resources on Resin Technology,L5,Resources,PUR,Existing,https://www.thermofisher.com/us/en/home/life-science/bioproduction/poros-chromatography-resin/chromatography-learning-lab/resin-technology/resources.html,https://www.thermofisher.com/us/en/home/bioprocessing/resources/chromatography-learning-lab/resin-technology-resources.html,301
Resources for Vaccine Purification,L5,Resources,PUR,Existing,https://www.thermofisher.com/us/en/home/life-science/bioproduction/poros-chromatography-resin/chromatography-learning-lab/vaccines.html,https://www.thermofisher.com/us/en/home/bioprocessing/resources/chromatography-learning-lab/vaccines.html,301
Resources for Vaccine Purification,L5,Resources,PUR,Existing,https://www.thermofisher.com/us/en/home/life-science/bioproduction/poros-chromatography-resin/chromatography-learning-lab/vaccines/resources.html,https://www.thermofisher.com/us/en/home/bioprocessing/resources/chromatography-learning-lab/vaccines-resources.html,301
Resources for Viral Vector Purification,L5,Resources,PUR,Existing,https://www.thermofisher.com/us/en/home/life-science/bioproduction/poros-chromatography-resin/chromatography-learning-lab/viral-vectors.html,https://www.thermofisher.com/us/en/home/bioprocessing/resources/chromatography-learning-lab/viral-vectors.html,301
Resources for Viral Vector Purification,L5,Resources,PUR,Existing,https://www.thermofisher.com/us/en/home/life-science/bioproduction/poros-chromatography-resin/chromatography-learning-lab/viral-vectors/resources.html,https://www.thermofisher.com/us/en/home/bioprocessing/resources/chromatography-learning-lab/viral-vectors-resources.html,301
Who We Serve,L3,Who We Serve,Group,New,,https://www.thermofisher.com/us/en/home/bioprocessing/industries.html,
mAb Bioprocessing Solutions,L4,Application,Group,Existing,https://www.thermofisher.com/us/en/home/life-science/bioproduction/mabs-development-manufacturing.html,https://www.thermofisher.com/us/en/home/bioprocessing/applications/mabs.html,301
mRNA Bioprocessing Solutions,L4,Application,Group,Existing,https://www.thermofisher.com/us/en/home/life-science/bioproduction/mrna-bioprocessing-solutions.html,https://www.thermofisher.com/us/en/home/bioprocessing/applications/mrna.html,301
Vaccine Bioprocessing Solutions,L4,Application,Group,Existing,https://www.thermofisher.com/us/en/home/life-science/bioproduction/viral-vaccine-production.html,https://www.thermofisher.com/us/en/home/bioprocessing/applications/vaccines.html,301
AAV Gene Therapy,L5,Application,Group,New,,https://www.thermofisher.com/us/en/home/bioprocessing/applications/gene-therapy/aav.html,
Gene Therapy Downstream Processing,L5,Application,Group,New,,https://www.thermofisher.com/us/en/home/bioprocessing/applications/gene-therapy/downstream-processing.html,
Gene Therapy Production,L5,Application,Group,Existing,https://www.thermofisher.com/us/en/home/life-science/bioproduction/gene-therapy-production.html,https://www.thermofisher.com/us/en/home/bioprocessing/applications/gene-therapy/production.html,301
Gene Therapy Upstream Processing,L5,Application,Group,New,,https://www.thermofisher.com/us/en/home/bioprocessing/applications/gene-therapy/upstream-processing.html,
Lentiviral Gene Therapy,L5,Application,Group,New,,https://www.thermofisher.com/us/en/home/bioprocessing/applications/gene-therapy/lentiviral.html,
mAb Process Scale-Up,L5,Application,Group,New,,https://www.thermofisher.com/us/en/home/bioprocessing/applications/mabs/scale-up.html,
mAb Downstream Processing,L5,Application,Group,New,,https://www.thermofisher.com/us/en/home/bioprocessing/applications/mabs/downstream-processing.html,
mAb Upstream Processing,L5,Application,Group,New,,https://www.thermofisher.com/us/en/home/bioprocessing/applications/mabs/upstream-processing.html,
mAb Process Development,L5,Application,Group,Existing,https://www.thermofisher.com/us/en/home/life-science/bioproduction/mabs-development-manufacturing/process-development.html,https://www.thermofisher.com/us/en/home/bioprocessing/applications/mabs/process-development.html,301
mAb Process Optimization and Intensification,L5,Application,Group,Existing,https://www.thermofisher.com/us/en/home/life-science/bioproduction/mabs-development-manufacturing/process-optimization-intensification.html,https://www.thermofisher.com/us/en/home/bioprocessing/applications/mabs/process-optimization.html,301
Biopharma,L4,Who We Serve,Group,New,,https://www.thermofisher.com/us/en/home/bioprocessing/industries/biopharma.html,
Biotech,L4,Who We Serve,Group,Existing,home/c/b/bioprocessing-biotech,https://www.thermofisher.com/us/en/home/bioprocessing/industries/biotech.html,301
CDMO,L4,Who We Serve,Group,Existing,https://www.thermofisher.com/us/en/home/life-science/bioproduction/contract-development-manufacturing-solutions.html,https://www.thermofisher.com/us/en/home/bioprocessing/industries/contract-development-manufacturing.html,301
Korea BDC,L5,Why Choose Us?,Group,New,,https://www.thermofisher.com/us/en/home/bioprocessing/about/bioprocessing-design-center/korea.html,
Japan BDC,L5,Why Choose Us?,Group,New,,https://www.thermofisher.com/us/en/home/bioprocessing/about/bioprocessing-design-center/japan.html,
Singapore BDC,L5,Why Choose Us?,Group,New,,https://www.thermofisher.com/us/en/home/bioprocessing/about/bioprocessing-design-center/singapore.html,
India BDC,L5,Why Choose Us?,Group,New,,https://www.thermofisher.com/us/en/home/bioprocessing/about/bioprocessing-design-center/india.html,
US BDC,L5,Why Choose Us?,Group,New,,https://www.thermofisher.com/us/en/home/bioprocessing/about/bioprocessing-design-center/united-states.html,
ADC Bioprocessing Solutions,L4,Application,Group,New,,https://www.thermofisher.com/us/en/home/bioprocessing/applications/adcs.html,